{
    "LSTM": {
        "RMSE": 0.9862065608583651,
        "MAE": 0.8621489405632019,
        "R2": 0.0972827672958374
    },
    "ARIMA": {
        "RMSE": 1.9186965587020268,
        "MAE": 1.7188457250595093,
        "R2": -1.8303565979003906
    },
    "XGBoost": {
        "RMSE": 1.1267388469007782,
        "MAE": 0.9644235372543335,
        "R2": 0.027267396450042725
    },
    "Hybrid": {
        "RMSE": 1.1999602867548653,
        "MAE": 1.0858595371246338,
        "R2": -0.3364408016204834,
        "weights": {
            "LSTM": 0.4185372870555056,
            "ARIMA": 0.21512740854511678,
            "XGBoost": 0.3663353043993778
        }
    }
}