{
    "LSTM": {
        "RMSE": 0.6073057548193123,
        "MAE": 0.39837199449539185,
        "R2": 0.49927687644958496
    },
    "ARIMA": {
        "RMSE": 1.6285183305139135,
        "MAE": 1.45281982421875,
        "R2": -2.274595260620117
    },
    "XGBoost": {
        "RMSE": 0.6316687290448194,
        "MAE": 0.388378381729126,
        "R2": 0.5100368857383728
    },
    "Hybrid": {
        "RMSE": 0.6860837002884549,
        "MAE": 0.5410720705986023,
        "R2": 0.36094677448272705,
        "weights": {
            "LSTM": 0.4283847798464024,
            "ARIMA": 0.1597529098709163,
            "XGBoost": 0.41186231028268117
        }
    }
}