{
    "LSTM": {
        "RMSE": 2.3250050985629054,
        "MAE": 1.3240344524383545,
        "R2": 0.39121299982070923
    },
    "ARIMA": {
        "RMSE": 3.0197616430033345,
        "MAE": 2.3844501972198486,
        "R2": -0.014086365699768066
    },
    "XGBoost": {
        "RMSE": 2.4597219220053614,
        "MAE": 1.4282950162887573,
        "R2": 0.33100587129592896
    },
    "Hybrid": {
        "RMSE": 2.2227800331442222,
        "MAE": 1.429802656173706,
        "R2": 0.44356995820999146,
        "weights": {
            "LSTM": 0.36830230137220055,
            "ARIMA": 0.2835669929402678,
            "XGBoost": 0.3481307056875316
        }
    }
}