{
    "LSTM": {
        "RMSE": 3.9956227432356783,
        "MAE": 2.72308087348938,
        "R2": 0.4954735040664673
    },
    "ARIMA": {
        "RMSE": 5.933559676292884,
        "MAE": 4.529366970062256,
        "R2": -0.006306767463684082
    },
    "XGBoost": {
        "RMSE": 5.60080023225049,
        "MAE": 3.803447723388672,
        "R2": 0.10171777009963989
    },
    "Hybrid": {
        "RMSE": 4.091334904559822,
        "MAE": 3.1984851360321045,
        "R2": 0.4710128903388977,
        "weights": {
            "LSTM": 0.4189717107300175,
            "ARIMA": 0.282132983823147,
            "XGBoost": 0.2988953054468355
        }
    }
}