{
    "LSTM": {
        "RMSE": 13.086297219869255,
        "MAE": 9.150516510009766,
        "R2": 0.5819358825683594
    },
    "ARIMA": {
        "RMSE": 39.626735901941096,
        "MAE": 34.13985824584961,
        "R2": -2.4694290161132812
    },
    "XGBoost": {
        "RMSE": 13.393642659720658,
        "MAE": 8.381739616394043,
        "R2": 0.6035659909248352
    },
    "Hybrid": {
        "RMSE": 14.17064859115985,
        "MAE": 11.169890403747559,
        "R2": 0.5097825527191162,
        "weights": {
            "LSTM": 0.43340851962440435,
            "ARIMA": 0.14312843529337135,
            "XGBoost": 0.4234630450822243
        }
    }
}